{
    "schemes": [
        "http",
        "https"
    ],
    "swagger": "2.0",
    "info": {
        "description": "Create  Go REST API with JWT Authentication in Gin Framework",
        "title": "Swagger JWT API",
        "termsOfService": "demo.com",
        "contact": {
            "name": "API Support",
            "url": "http://demo.com/support",
            "email": "support@swagger.io"
        },
        "license": {
            "name": "MIT",
            "url": "https://opensource.org/licenses/MIT"
        },
        "version": "1.0"
    },
    "host": "localhost:8080",
    "basePath": "/",
    "paths": {
        "/airport": {
            "post": {
                "description": "Create Airport",
                "consumes": [
                    "application/json"
                ],
                "produces": [
                    "application/json"
                ],
                "tags": [
                    "Airport"
                ],
                "summary": "Create Airport",
                "operationId": "create_airport",
                "parameters": [
                    {
                        "description": "CreateAirportRequestBody",
                        "name": "object",
                        "in": "body",
                        "required": true,
                        "schema": {
                            "$ref": "#/definitions/models.CreateAirport"
                        }
                    }
                ],
                "responses": {
                    "200": {
                        "description": "AirportBody",
                        "schema": {
                            "allOf": [
                                {
                                    "$ref": "#/definitions/handler.Response"
                                },
                                {
                                    "type": "object",
                                    "properties": {
                                        "data": {
                                            "$ref": "#/definitions/models.Airport"
                                        }
                                    }
                                }
                            ]
                        }
                    },
                    "400": {
                        "description": "Invalid Argument",
                        "schema": {
                            "allOf": [
                                {
                                    "$ref": "#/definitions/handler.Response"
                                },
                                {
                                    "type": "object",
                                    "properties": {
                                        "data": {
                                            "type": "string"
                                        }
                                    }
                                }
                            ]
                        }
                    },
                    "500": {
                        "description": "Server Error",
                        "schema": {
                            "allOf": [
                                {
                                    "$ref": "#/definitions/handler.Response"
                                },
                                {
                                    "type": "object",
                                    "properties": {
                                        "data": {
                                            "type": "string"
                                        }
                                    }
                                }
                            ]
                        }
                    }
                }
            }
        },
        "/airport/{id}": {
            "get": {
                "description": "Get By Id Airport",
                "consumes": [
                    "application/json"
                ],
                "produces": [
                    "application/json"
                ],
                "tags": [
                    "Airport"
                ],
                "summary": "Get By Id Airport",
                "operationId": "get_by_id_airport",
                "parameters": [
                    {
                        "type": "string",
                        "description": "id",
                        "name": "id",
                        "in": "path",
                        "required": true
                    }
                ],
                "responses": {
                    "200": {
                        "description": "AirportBody",
                        "schema": {
                            "allOf": [
                                {
                                    "$ref": "#/definitions/handler.Response"
                                },
                                {
                                    "type": "object",
                                    "properties": {
                                        "data": {
                                            "$ref": "#/definitions/models.Airport"
                                        }
                                    }
                                }
                            ]
                        }
                    },
                    "400": {
                        "description": "Invalid Argument",
                        "schema": {
                            "allOf": [
                                {
                                    "$ref": "#/definitions/handler.Response"
                                },
                                {
                                    "type": "object",
                                    "properties": {
                                        "data": {
                                            "type": "string"
                                        }
                                    }
                                }
                            ]
                        }
                    },
                    "500": {
                        "description": "Server Error",
                        "schema": {
                            "allOf": [
                                {
                                    "$ref": "#/definitions/handler.Response"
                                },
                                {
                                    "type": "object",
                                    "properties": {
                                        "data": {
                                            "type": "string"
                                        }
                                    }
                                }
                            ]
                        }
                    }
                }
            }
        },
        "/city": {
            "get": {
                "description": "Get List City",
                "consumes": [
                    "application/json"
                ],
                "produces": [
                    "application/json"
                ],
                "tags": [
                    "City"
                ],
                "summary": "Get List City",
                "operationId": "get_list_city",
                "parameters": [
                    {
                        "type": "number",
                        "description": "limit",
                        "name": "limit",
                        "in": "query"
                    },
                    {
                        "type": "number",
                        "description": "offset",
                        "name": "offset",
                        "in": "query"
                    }
                ],
                "responses": {
                    "200": {
                        "description": "GetListCityResponseBody",
                        "schema": {
                            "allOf": [
                                {
                                    "$ref": "#/definitions/handler.Response"
                                },
                                {
                                    "type": "object",
                                    "properties": {
                                        "data": {
                                            "$ref": "#/definitions/models.GetListCityResponse"
                                        }
                                    }
                                }
                            ]
                        }
                    },
                    "400": {
                        "description": "Invalid Argument",
                        "schema": {
                            "allOf": [
                                {
                                    "$ref": "#/definitions/handler.Response"
                                },
                                {
                                    "type": "object",
                                    "properties": {
                                        "data": {
                                            "type": "string"
                                        }
                                    }
                                }
                            ]
                        }
                    },
                    "500": {
                        "description": "Server Error",
                        "schema": {
                            "allOf": [
                                {
                                    "$ref": "#/definitions/handler.Response"
                                },
                                {
                                    "type": "object",
                                    "properties": {
                                        "data": {
                                            "type": "string"
                                        }
                                    }
                                }
                            ]
                        }
                    }
                }
            },
            "put": {
                "description": "Update City",
                "consumes": [
                    "application/json"
                ],
                "produces": [
                    "application/json"
                ],
                "tags": [
                    "City"
                ],
                "summary": "Update City",
                "operationId": "update_city",
                "parameters": [
                    {
                        "description": "UpdateCityBody",
                        "name": "object",
                        "in": "body",
                        "required": true,
                        "schema": {
                            "$ref": "#/definitions/models.UpdateCity"
                        }
                    },
                    {
                        "description": "UpdateCityBody",
                        "name": "object",
                        "in": "body",
                        "required": true,
                        "schema": {
                            "$ref": "#/definitions/models.UpdateCity"
                        }
                    }
                ],
                "responses": {
                    "200": {
                        "description": "Updated City",
                        "schema": {
                            "allOf": [
                                {
                                    "$ref": "#/definitions/handler.Response"
                                },
                                {
                                    "type": "object",
                                    "properties": {
                                        "data": {
                                            "$ref": "#/definitions/models.City"
                                        }
                                    }
                                }
                            ]
                        }
                    },
                    "400": {
                        "description": "Invalid Argument",
                        "schema": {
                            "allOf": [
                                {
                                    "$ref": "#/definitions/handler.Response"
                                },
                                {
                                    "type": "object",
                                    "properties": {
                                        "data": {
                                            "type": "string"
                                        }
                                    }
                                }
                            ]
                        }
                    },
                    "500": {
                        "description": "Server Error",
                        "schema": {
                            "allOf": [
                                {
                                    "$ref": "#/definitions/handler.Response"
                                },
                                {
                                    "type": "object",
                                    "properties": {
                                        "data": {
                                            "type": "string"
                                        }
                                    }
                                }
                            ]
                        }
                    }
                }
            },
            "post": {
                "description": "Create City",
                "consumes": [
                    "application/json"
                ],
                "produces": [
                    "application/json"
                ],
                "tags": [
                    "City"
                ],
                "summary": "Create City",
                "operationId": "create_city",
                "parameters": [
                    {
                        "description": "CreateCityRequestBody",
                        "name": "object",
                        "in": "body",
                        "required": true,
                        "schema": {
                            "$ref": "#/definitions/models.CreateCity"
                        }
                    }
                ],
                "responses": {
                    "200": {
                        "description": "CityBody",
                        "schema": {
                            "allOf": [
                                {
                                    "$ref": "#/definitions/handler.Response"
                                },
                                {
                                    "type": "object",
                                    "properties": {
                                        "data": {
                                            "$ref": "#/definitions/models.City"
                                        }
                                    }
                                }
                            ]
                        }
                    },
                    "400": {
                        "description": "Invalid Argument",
                        "schema": {
                            "allOf": [
                                {
                                    "$ref": "#/definitions/handler.Response"
                                },
                                {
                                    "type": "object",
                                    "properties": {
                                        "data": {
                                            "type": "string"
                                        }
                                    }
                                }
                            ]
                        }
                    },
                    "500": {
                        "description": "Server Error",
                        "schema": {
                            "allOf": [
                                {
                                    "$ref": "#/definitions/handler.Response"
                                },
                                {
                                    "type": "object",
                                    "properties": {
                                        "data": {
                                            "type": "string"
                                        }
                                    }
                                }
                            ]
                        }
                    }
                }
            }
        },
        "/city/{id}": {
            "get": {
                "description": "Get By Id City",
                "consumes": [
                    "application/json"
                ],
                "produces": [
                    "application/json"
                ],
                "tags": [
                    "City"
                ],
                "summary": "Get By Id City",
                "operationId": "get_by_id_city",
                "parameters": [
                    {
                        "type": "string",
                        "description": "id",
                        "name": "id",
                        "in": "path",
                        "required": true
                    }
                ],
                "responses": {
                    "200": {
                        "description": "GetListCityResponseBody",
                        "schema": {
                            "allOf": [
                                {
                                    "$ref": "#/definitions/handler.Response"
                                },
                                {
                                    "type": "object",
                                    "properties": {
                                        "data": {
                                            "$ref": "#/definitions/models.City"
                                        }
                                    }
                                }
                            ]
                        }
                    },
                    "400": {
                        "description": "Invalid Argument",
                        "schema": {
                            "allOf": [
                                {
                                    "$ref": "#/definitions/handler.Response"
                                },
                                {
                                    "type": "object",
                                    "properties": {
                                        "data": {
                                            "type": "string"
                                        }
                                    }
                                }
                            ]
                        }
                    },
                    "500": {
                        "description": "Server Error",
                        "schema": {
                            "allOf": [
                                {
                                    "$ref": "#/definitions/handler.Response"
                                },
                                {
                                    "type": "object",
                                    "properties": {
                                        "data": {
                                            "type": "string"
                                        }
                                    }
                                }
                            ]
                        }
                    }
                }
            }
        }
    },
    "definitions": {
        "handler.Response": {
            "type": "object",
            "properties": {
                "data": {},
                "description": {
                    "type": "string"
                },
                "status": {
                    "type": "integer"
                }
            }
        },
        "models.Airport": {
            "type": "object",
            "properties": {
                "address": {
                    "type": "string"
                },
                "city": {
                    "type": "string"
                },
                "city_id": {
                    "type": "string"
                },
                "code": {
                    "type": "string"
                },
                "country": {
                    "type": "string"
                },
                "country_id": {
                    "type": "string"
                },
                "created_at": {
                    "type": "string"
                },
                "gmt": {
                    "type": "string"
                },
                "id": {
                    "type": "string"
                },
                "image": {
                    "type": "string"
                },
                "latitude": {
                    "type": "number"
                },
                "longitude": {
                    "type": "number"
                },
                "product_count": {
                    "type": "integer"
                },
                "radius": {
                    "type": "string"
                },
                "search_text": {
                    "type": "string"
                },
                "timezone_id": {
                    "type": "string"
                },
                "title": {
                    "type": "string"
                },
                "updated_at": {
                    "type": "string"
                }
            }
        },
        "models.City": {
            "type": "object",
            "properties": {
                "city_code": {
                    "type": "string"
                },
                "country_id": {
                    "type": "string"
                },
                "country_name": {
                    "type": "string"
                },
                "created_at": {
                    "type": "string"
                },
                "guid": {
                    "type": "string"
                },
                "latitude": {
                    "type": "string"
                },
                "longitude": {
                    "type": "string"
                },
                "offset": {
                    "type": "string"
                },
                "timezone_id": {
                    "type": "string"
                },
                "title": {
                    "type": "string"
                },
                "updated_at": {
                    "type": "string"
                }
            }
        },
        "models.CreateAirport": {
            "type": "object",
            "properties": {
                "address": {
                    "type": "string"
                },
                "city": {
                    "type": "string"
                },
                "city_id": {
                    "type": "string"
                },
                "code": {
                    "type": "string"
                },
                "country": {
                    "type": "string"
                },
                "country_id": {
                    "type": "string"
                },
                "gmt": {
                    "type": "string"
                },
                "image": {
                    "type": "string"
                },
                "latitude": {
                    "type": "number"
                },
                "longitude": {
                    "type": "number"
                },
                "product_count": {
                    "type": "integer"
                },
                "radius": {
                    "type": "string"
                },
                "search_text": {
                    "type": "string"
                },
                "timezone_id": {
                    "type": "string"
                },
                "title": {
                    "type": "string"
                }
            }
        },
        "models.CreateCity": {
            "type": "object",
            "properties": {
                "city_code": {
                    "type": "string"
                },
                "country_id": {
                    "type": "string"
                },
                "country_name": {
                    "type": "string"
                },
                "latitude": {
                    "type": "string"
                },
                "longitude": {
                    "type": "string"
                },
                "offset": {
                    "type": "string"
                },
                "timezone_id": {
                    "type": "string"
                },
                "title": {
                    "type": "string"
                }
            }
        },
        "models.GetListCityResponse": {
            "type": "object",
            "properties": {
                "cities": {
                    "type": "array",
                    "items": {
                        "$ref": "#/definitions/models.City"
                    }
                },
                "count": {
                    "type": "integer"
                }
            }
        },
        "models.UpdateCity": {
            "type": "object",
            "properties": {
                "city_code": {
                    "type": "string"
                },
                "country_id": {
                    "type": "string"
                },
                "country_name": {
                    "type": "string"
                },
                "guid": {
                    "type": "string"
                },
                "latitude": {
                    "type": "string"
                },
                "longitude": {
                    "type": "string"
                },
                "offset": {
                    "type": "string"
                },
                "timezone_id": {
                    "type": "string"
                },
                "title": {
                    "type": "string"
                }
            }
        }
    },
    "securityDefinitions": {
        "ApiKeyAuth": {
            "type": "apiKey",
            "name": "Authorization",
            "in": "header"
        },
        "BasicAuth": {
            "type": "basic"
        }
    }
}