{
    "swagger": "2.0",
    "info": {
        "contact": {}
    },
    "paths": {
        "/city": {
            "get": {
                "description": "Get List City",
                "consumes": [
                    "application/json"
                ],
                "produces": [
                    "application/json"
                ],
                "tags": [
                    "City"
                ],
                "summary": "Get List City",
                "operationId": "get_list_city",
                "parameters": [
                    {
                        "type": "number",
                        "description": "limit",
                        "name": "limit",
                        "in": "query"
                    },
                    {
                        "type": "number",
                        "description": "offset",
                        "name": "offset",
                        "in": "query"
                    }
                ],
                "responses": {
                    "200": {
                        "description": "GetListCityResponseBody",
                        "schema": {
                            "allOf": [
                                {
                                    "$ref": "#/definitions/handler.Response"
                                },
                                {
                                    "type": "object",
                                    "properties": {
                                        "data": {
                                            "$ref": "#/definitions/models.GetListCityResponse"
                                        }
                                    }
                                }
                            ]
                        }
                    },
                    "400": {
                        "description": "Invalid Argument",
                        "schema": {
                            "allOf": [
                                {
                                    "$ref": "#/definitions/handler.Response"
                                },
                                {
                                    "type": "object",
                                    "properties": {
                                        "data": {
                                            "type": "string"
                                        }
                                    }
                                }
                            ]
                        }
                    },
                    "500": {
                        "description": "Server Error",
                        "schema": {
                            "allOf": [
                                {
                                    "$ref": "#/definitions/handler.Response"
                                },
                                {
                                    "type": "object",
                                    "properties": {
                                        "data": {
                                            "type": "string"
                                        }
                                    }
                                }
                            ]
                        }
                    }
                }
            },
            "post": {
                "description": "Create City",
                "consumes": [
                    "application/json"
                ],
                "produces": [
                    "application/json"
                ],
                "tags": [
                    "City"
                ],
                "summary": "Create City",
                "operationId": "create_city",
                "parameters": [
                    {
                        "description": "CreateCityRequestBody",
                        "name": "object",
                        "in": "body",
                        "required": true,
                        "schema": {
                            "$ref": "#/definitions/models.CreateCity"
                        }
                    }
                ],
                "responses": {
                    "200": {
                        "description": "CityBody",
                        "schema": {
                            "allOf": [
                                {
                                    "$ref": "#/definitions/handler.Response"
                                },
                                {
                                    "type": "object",
                                    "properties": {
                                        "data": {
                                            "$ref": "#/definitions/models.City"
                                        }
                                    }
                                }
                            ]
                        }
                    },
                    "400": {
                        "description": "Invalid Argument",
                        "schema": {
                            "allOf": [
                                {
                                    "$ref": "#/definitions/handler.Response"
                                },
                                {
                                    "type": "object",
                                    "properties": {
                                        "data": {
                                            "type": "string"
                                        }
                                    }
                                }
                            ]
                        }
                    },
                    "500": {
                        "description": "Server Error",
                        "schema": {
                            "allOf": [
                                {
                                    "$ref": "#/definitions/handler.Response"
                                },
                                {
                                    "type": "object",
                                    "properties": {
                                        "data": {
                                            "type": "string"
                                        }
                                    }
                                }
                            ]
                        }
                    }
                }
            }
        },
        "/city/{id}": {
            "get": {
                "description": "Get By Id City",
                "consumes": [
                    "application/json"
                ],
                "produces": [
                    "application/json"
                ],
                "tags": [
                    "City"
                ],
                "summary": "Get By Id City",
                "operationId": "get_by_id_city",
                "parameters": [
                    {
                        "type": "string",
                        "description": "id",
                        "name": "id",
                        "in": "path",
                        "required": true
                    }
                ],
                "responses": {
                    "200": {
                        "description": "GetListCityResponseBody",
                        "schema": {
                            "allOf": [
                                {
                                    "$ref": "#/definitions/handler.Response"
                                },
                                {
                                    "type": "object",
                                    "properties": {
                                        "data": {
                                            "$ref": "#/definitions/models.City"
                                        }
                                    }
                                }
                            ]
                        }
                    },
                    "400": {
                        "description": "Invalid Argument",
                        "schema": {
                            "allOf": [
                                {
                                    "$ref": "#/definitions/handler.Response"
                                },
                                {
                                    "type": "object",
                                    "properties": {
                                        "data": {
                                            "type": "string"
                                        }
                                    }
                                }
                            ]
                        }
                    },
                    "500": {
                        "description": "Server Error",
                        "schema": {
                            "allOf": [
                                {
                                    "$ref": "#/definitions/handler.Response"
                                },
                                {
                                    "type": "object",
                                    "properties": {
                                        "data": {
                                            "type": "string"
                                        }
                                    }
                                }
                            ]
                        }
                    }
                }
            }
        }
    },
    "definitions": {
        "handler.Response": {
            "type": "object",
            "properties": {
                "data": {},
                "description": {
                    "type": "string"
                },
                "status": {
                    "type": "integer"
                }
            }
        },
        "models.City": {
            "type": "object",
            "properties": {
                "city_code": {
                    "type": "string"
                },
                "country_id": {
                    "type": "string"
                },
                "country_name": {
                    "type": "string"
                },
                "created_at": {
                    "type": "string"
                },
                "guid": {
                    "type": "string"
                },
                "latitude": {
                    "type": "string"
                },
                "longitude": {
                    "type": "string"
                },
                "offset": {
                    "type": "string"
                },
                "timezone_id": {
                    "type": "string"
                },
                "title": {
                    "type": "string"
                },
                "updated_at": {
                    "type": "string"
                }
            }
        },
        "models.CreateCity": {
            "type": "object",
            "properties": {
                "city_code": {
                    "type": "string"
                },
                "country_id": {
                    "type": "string"
                },
                "country_name": {
                    "type": "string"
                },
                "latitude": {
                    "type": "string"
                },
                "longitude": {
                    "type": "string"
                },
                "offset": {
                    "type": "string"
                },
                "timezone_id": {
                    "type": "string"
                },
                "title": {
                    "type": "string"
                }
            }
        },
        "models.GetListCityResponse": {
            "type": "object",
            "properties": {
                "cities": {
                    "type": "array",
                    "items": {
                        "$ref": "#/definitions/models.City"
                    }
                },
                "count": {
                    "type": "integer"
                }
            }
        }
    }
}